{
  "homes": [
    {
      "id": 1,
      "title": "شمع رانا ایساکو",
      "img": "/img/sham.jpg",
      "roomCount": "IPNC",
      "meterage": "شمع رانا ایساکو",
      "price": 2000000,
      "code": "hj-12fl",
     "desc": "توضیحات وجود ندارد"
    },
    {
      "id": 2,
      "title": "رادیاتور آب زامیاد",
      "img": "/img/radiat.jpg",
      "roomCount": "IPNC",
      "meterage": "رادیاتور آب زامیاد  ",
      "price": 3000000,
      "code": "hj-12fl",
    "desc": "توضیحات وجود ندارد"
    },
    {
      "id": 3,
      "title": "تسمه تایم سمند",
      "img": "/img/tasme.jpg",
      "roomCount": "IPNC",
      "meterage": "تسمه تایم سمند",
      "price": 2500000,
      "code": "hj-12fl",
      "desc": "توضیحات وجود ندارد"
    },
    {
      "id": 4,
      "title": "طبق کامل تیبا",
      "img": "/img/tabagh.jpg",
      "roomCount": "IPNC",
      "meterage": "طبق کامل تیبا",
      "price": 500000,
      "code": "hj-ui87",
     "desc": "توضیحات وجود ندارد"

    },
    {
      "id": 5,
      "title": "گیربکس کامل دنا",
      "img": "/img/girboks.jpg",
      "roomCount": "IPNC",
      "meterage": "گیربکس کامل دنا",
      "price": 1200000,
      "code": "hj-12fl",
    "desc": "توضیحات وجود ندارد"
    },
    {
      "id": 6,
      "title": "دینام ساینا",
      "img": "/img/dinam.jpg",
      "roomCount": "IPNC",
      "meterage": "دینام ساینا",
      "price": 800000,
      "code": "hj-12fl",
    "desc": "توضیحات وجود ندارد"
    },
    {
      "id": 7,
      "title": "فیلتر کابین ال نود",
      "img": "/img/filter.jpg",
      "roomCount": "IPNC",
      "meterage": "فیلتر کابین ال نود",
      "price": 2200000,
      "code": "hj-12fl",
    "desc": "توضیحات وجود ندارد"
    },
    {
      "id": 8,
      "title": "لنت ترمز پراید",
      "img": "/img/lent.jpg",
      "roomCount": "IPNC",
      "meterage": "لنت ترمز پراید",
      "price": 5000000,
      "code": "hj-12fl",
    "desc": "توضیحات وجود ندارد"
    }
  ]
}